cluster,lead,mae,rmse,r2
ap,0,0.42784436744019155,0.5635489395852868,0.30801240577967115
ap,1,0.40191016718249856,0.5177239690692113,0.4159748108729775
ap,2,0.4395849372238036,0.5704388793036936,0.2909885141338435
ap,3,0.4667895766214685,0.5889197614127767,0.2443037106972351
ap,4,0.47767931079562437,0.5934202211964607,0.23270968399928849
ap,8,0.48853360764594056,0.618117262302387,0.16751430496638164
ap,12,0.49058593252464516,0.6305646717647514,0.1336481540617216
