cluster,lead,mae,rmse,r2
other,0,0.202373689607193,0.3071097195210106,0.8243486929467623
other,1,0.19807896796253086,0.30297930998998734,0.8290416933650343
other,2,0.19070788178794246,0.3006573414970479,0.8316520280060828
other,3,0.2113093461301914,0.32694540466980077,0.8009259104330732
other,4,0.23993961308835926,0.3640431550296148,0.7531858796677808
other,8,0.2512053054063558,0.38333357647611505,0.7263358016704496
other,12,0.2763300110070983,0.42922068772109867,0.6568961785557204
