cluster,lead,mae,rmse,r2
p,0,0.27834526383160973,0.38149869361394656,0.6563733613770993
p,1,0.28576337556840026,0.3857750976872691,0.6486264281642231
p,2,0.2869026052601328,0.3793334308067837,0.6602629186528806
p,3,0.32512113840877416,0.4260081696531731,0.5715140667093999
p,4,0.3196335789427701,0.43529419663066177,0.5526304013767099
p,8,0.3667300338273432,0.4716050424207996,0.4748811678770877
p,12,0.3641769362967194,0.47085907157241197,0.4765410887741215
